{"cameraMode":{"drawMode":0,"name":"Shaded","section":"Shading Mode"},"sceneLighting":true,"audioPlay":false,"sceneViewState":{"showFog":true,"showMaterialUpdate":true,"showSkybox":true,"showFlares":true,"showImageEffects":true,"showParticleSystems":true},"in2DMode":false,"pivot":{"x":-0.24411986768245698,"y":0.09247970581054688,"z":1.2087669372558594},"rotation":{"x":0.23069120943546296,"y":-0.01313922367990017,"z":0.0031160921789705755,"w":0.9729333519935608},"size":10.208685874938965,"orthographic":false}