{"cameraMode":{"drawMode":0,"name":"Shaded","section":"Shading Mode"},"sceneLighting":true,"audioPlay":false,"sceneViewState":{"showFog":true,"showMaterialUpdate":true,"showSkybox":true,"showFlares":true,"showImageEffects":true,"showParticleSystems":true},"in2DMode":false,"pivot":{"x":4.594969272613525,"y":6.091975212097168,"z":0.15476280450820924},"rotation":{"x":0.054374273866415027,"y":-0.7701226472854614,"z":0.06624680012464524,"w":0.6321123242378235},"size":3.096005916595459,"orthographic":false}