{"cameraMode":{"drawMode":0,"name":"Shaded","section":"Shading Mode"},"sceneLighting":true,"audioPlay":false,"sceneViewState":{"showFog":true,"showMaterialUpdate":false,"showSkybox":false,"showFlares":true,"showImageEffects":true,"showParticleSystems":true},"in2DMode":false,"pivot":{"x":0.3864161968231201,"y":0.7732360363006592,"z":-0.3180863857269287},"rotation":{"x":-0.09513697028160095,"y":0.9013882279396057,"z":-0.25414034724235537,"w":-0.3374330997467041},"size":6.580411911010742,"orthographic":false}