{"cameraMode":{"drawMode":0,"name":"Shaded","section":"Shading Mode"},"sceneLighting":true,"audioPlay":false,"sceneViewState":{"showFog":true,"showMaterialUpdate":false,"showSkybox":true,"showFlares":true,"showImageEffects":true,"showParticleSystems":true},"in2DMode":false,"pivot":{"x":-0.7714669704437256,"y":2.4393084049224855,"z":2.80906343460083},"rotation":{"x":0.01123176421970129,"y":0.9798755645751953,"z":-0.19079764187335969,"w":0.05768343433737755},"size":2.025162696838379,"orthographic":false}