{"cameraMode":{"drawMode":0,"name":"Shaded","section":"Shading Mode"},"sceneLighting":false,"audioPlay":false,"sceneViewState":{"showFog":true,"showMaterialUpdate":false,"showSkybox":false,"showFlares":true,"showImageEffects":true,"showParticleSystems":true},"in2DMode":false,"pivot":{"x":-0.6824160814285278,"y":3.1564910411834719,"z":1.8786299228668213},"rotation":{"x":-0.009869364090263844,"y":0.9900366067886353,"z":-0.10614942759275437,"w":-0.09203954041004181},"size":2.625047445297241,"orthographic":false}